{"0": {"0": {"reconstr": [0.3236457407474518], "classification": [1.100381851196289]}}}