{"matrix": [[10.0, 7.0, 7.0], [0.0, 0.0, 0.0], [0.0, 0.0, 0.0]], "metrics": {"owl": {"prec": 0.0, "recl": 0, "acc": 0.7}, "rooster": {"prec": 0.35294117647058826, "recl": 0.8571428571428571, "acc": 0.631578947368421}, "frog": {"prec": 0.2857142857142857, "recl": 0.2857142857142857, "acc": 0.8235294117647058}}, "avg_acc": 0.3333333333333333}